"","tract","X","Adult","Child","Female.Householder","Householder","Husband","Male.Householder","Wife","no","Not.Available.for.this.Census.Tract","yes","childno","childyes"
"1",100000,1,226,59,34,1541,379,0,379,2378,0,181,58,1
"2",210100,2,77,2,22,7,16,5,16,139,0,4,2,0
"3",210400,3,840,995,465,454,483,197,483,2596,0,326,904,91
"4",210500,4,972,1130,386,587,609,105,609,3053,0,215,1038,92
"5",210600,5,1076,1190,249,847,868,136,868,3884,0,160,1099,91
"6",210700,6,447,610,220,208,194,74,194,1108,0,229,561,49
"7",210800,7,644,437,179,315,229,90,229,1482,0,204,402,35
"8",210900,8,388,355,196,154,141,64,141,931,0,153,320,35
"9",211000,9,399,464,228,253,154,93,154,1181,0,100,414,50
"10",211100,10,1090,1338,605,763,482,88,482,2872,0,638,1232,106
"11",211200,11,892,387,360,324,204,12,204,1877,0,119,351,36
"12",211300,12,862,968,622,791,377,158,377,2935,0,252,888,80
"13",211400,13,552,1103,458,579,314,47,314,1877,0,387,1015,88
"14",211500,14,1385,2168,457,406,983,119,983,3876,0,457,2010,158
"15",211600,15,670,445,157,391,333,81,333,1861,0,104,406,39
"16",211700,16,864,810,327,475,436,74,436,2111,0,501,740,70
"17",211900,17,1340,1061,421,280,735,111,735,3458,0,164,969,92
"18",212300,18,1808,680,430,606,513,141,513,3773,0,238,627,53
"19",212400,19,560,942,266,155,368,82,368,1574,0,225,865,77
"20",212500,20,656,1020,304,627,397,67,397,2263,0,185,923,97
"21",220100,21,368,638,201,184,216,106,216,1214,0,77,581,57
"22",220200,22,487,456,134,287,342,78,342,1558,0,112,410,46
"23",220300,23,941,648,174,424,557,32,557,2353,0,332,603,45
"24",220400,24,596,1294,226,238,707,52,707,2311,0,215,1186,108
"25",220500,25,499,624,126,1122,608,31,608,2786,0,208,564,60
"26",220600,26,975,790,270,342,322,120,322,1980,0,371,703,87
"27",220700,27,1186,1175,458,511,685,143,685,3280,0,388,1084,91
"28",220800,28,740,626,287,231,270,57,270,1587,0,268,572,54
"29",220900,29,265,369,75,145,211,24,211,825,0,106,344,25
"30",221000,30,1021,454,189,151,370,102,370,2107,0,96,425,29
"31",221100,31,931,753,144,167,534,86,534,2306,0,90,692,61
"32",221200,32,1456,1728,284,224,860,203,860,3530,0,357,1621,107
"33",221300,33,2015,2569,439,364,1217,309,1217,4933,0,628,2337,232
"34",221400,34,940,2217,453,314,652,342,652,2804,0,549,2034,183
"35",221500,35,1166,3542,805,447,1000,165,1000,3940,0,643,3220,322
"36",221600,36,1956,2693,604,268,1498,154,1498,5322,0,656,2469,224
"37",221700,37,1944,2280,701,93,1053,202,1053,4591,0,455,2070,210
"38",221800,38,693,1100,175,186,474,114,474,0,3216,0,1027,73
"39",221900,39,644,1004,259,266,551,66,551,0,3341,0,901,103
"40",222000,40,813,381,100,77,347,56,347,1673,0,67,348,33
"41",222100,41,1375,921,353,223,597,94,597,0,4160,0,850,71
"42",222200,42,765,1184,227,160,463,91,463,0,3353,0,1103,81
"43",222300,43,852,1269,284,211,466,137,466,2134,0,282,1155,114
"44",222401,44,576,966,293,188,337,90,337,1526,0,295,899,67
"45",222402,45,1666,1815,214,168,893,124,893,0,5773,0,1671,144
"46",222501,46,622,1491,244,123,340,186,340,1568,0,287,1377,114
"47",222502,47,680,889,157,127,596,114,596,1964,0,306,824,65
"48",222503,48,1507,2377,537,224,763,227,763,3398,0,623,2211,166
"49",222600,49,1200,1113,396,725,335,256,335,2793,0,454,1043,70
"50",222700,50,496,2059,878,823,244,117,244,2102,0,700,1922,137
"51",222800,51,1011,601,177,117,386,147,386,0,2825,0,555,46
"52",222900,52,2134,1973,451,209,1325,141,1325,0,7558,0,1817,156
"53",223001,53,604,1112,321,115,424,81,424,0,3081,0,1015,97
"54",223002,54,574,1353,201,238,537,163,537,0,3603,0,1267,86
"55",223100,55,557,311,73,131,265,66,265,0,1668,0,284,27
"56",230100,56,102,492,149,141,214,10,214,678,0,152,456,36
"57",230200,57,472,1558,386,769,545,209,545,2637,0,289,1439,119
"58",230300,58,337,296,153,334,148,80,148,1108,0,92,263,33
"59",230400,59,781,639,419,326,245,192,245,2077,0,131,588,51
"60",230500,60,1021,538,236,301,463,41,463,2395,0,130,497,41
"61",230600,61,676,704,211,270,299,95,299,1513,0,337,644,60
"62",230700,62,480,746,206,273,305,82,305,1521,0,130,678,68
"63",230800,63,652,458,325,247,210,84,210,1611,0,117,424,34
"64",230900,64,491,956,462,543,312,40,312,1734,0,426,876,80
"65",231000,65,767,747,450,396,385,65,385,2267,0,181,692,55
"66",231100,66,927,1024,172,366,685,46,685,2399,0,482,941,83
"67",231200,67,1078,1890,662,515,740,183,740,3335,0,583,1733,157
"68",231300,68,398,1399,441,417,533,61,533,1977,0,406,1277,122
"69",231400,69,788,244,340,240,284,80,284,1885,0,131,220,24
"70",231500,70,378,678,312,288,241,113,241,1423,0,150,609,69
"71",231600,71,557,410,291,370,308,68,308,1754,0,148,381,29
"72",231700,72,604,909,97,242,526,92,526,1741,0,346,828,81
"73",231800,73,436,517,99,283,416,31,416,1500,0,181,475,42
"74",231900,74,635,1626,484,811,645,259,645,3228,0,251,1480,146
"75",232000,75,968,795,339,175,559,105,559,2532,0,173,725,70
"76",232100,76,906,596,258,254,262,58,262,0,2596,0,562,34
"77",232200,77,3060,1973,570,1652,2200,357,2200,9111,0,928,1817,156
"78",232301,78,872,3467,617,384,1620,159,1620,0,8739,0,3156,311
"79",232302,79,1427,3788,576,245,1740,52,1740,0,9568,0,3507,281
"80",232401,80,1763,2587,617,229,1354,142,1354,4817,0,642,2365,222
"81",232402,81,783,832,214,300,527,88,527,0,3271,0,750,82
"82",232403,82,827,778,217,340,626,127,626,2510,0,253,713,65
"83",232500,83,746,294,111,178,475,61,475,1962,0,84,267,27
"84",232600,84,773,614,160,138,541,74,541,2159,0,68,554,60
"85",232701,85,1453,2705,507,563,919,310,919,4190,0,481,2497,208
"86",232702,86,838,2121,447,455,800,161,800,3074,0,427,1948,173
"87",232800,87,1009,1306,297,825,789,136,789,0,5151,0,1190,116
"88",232900,88,1087,1454,430,921,1102,165,1102,4173,0,634,1323,131
"89",233001,89,538,845,221,407,479,92,479,1918,0,298,787,58
"90",233002,90,918,712,143,151,851,30,851,0,3656,0,651,61
"91",233003,91,432,412,118,175,386,121,386,0,2030,0,379,33
"92",233101,92,657,1402,194,342,453,192,453,1974,0,317,1297,105
"93",233102,93,768,2600,321,323,1083,93,1083,0,6271,0,2375,225
"94",233103,94,670,1871,390,252,567,152,567,2225,0,373,1718,153
"95",233200,95,1368,1099,112,403,974,214,974,3883,0,162,1017,82
"96",233300,96,1129,1387,195,196,745,143,745,2895,0,258,1267,120
"97",233400,97,462,623,122,404,414,29,414,0,2468,0,574,49
"98",233500,98,1166,2520,358,400,1170,90,1170,0,6874,0,2310,210
"99",233600,99,191,471,239,321,175,25,175,991,0,135,431,40
"100",233701,100,1140,1402,340,221,770,168,770,0,4811,0,1288,114
"101",233702,101,514,698,250,117,438,13,438,0,2468,0,629,69
"102",233703,102,359,638,203,133,298,37,298,0,1966,0,585,53
"103",240100,103,759,1157,452,630,254,100,254,2035,0,414,1067,90
"104",240400,104,1097,1749,405,479,1029,107,1029,3703,0,443,1598,151
"105",240501,105,1196,1616,525,943,628,128,628,3321,0,727,1482,134
"106",240502,106,1291,745,776,756,287,104,287,3225,0,276,686,59
"107",240600,107,567,920,411,345,92,122,92,1335,0,294,840,80
"108",240701,108,2155,5365,1000,625,2460,388,2460,8217,0,871,4912,453
"109",240702,109,2930,3153,797,407,1739,255,1739,7066,0,801,2873,280
"110",240801,110,1263,1764,558,769,872,265,872,0,6363,0,1623,141
"111",240802,111,666,1133,295,411,512,84,512,0,3613,0,1028,105
"112",240901,112,1250,2579,474,546,1703,129,1703,0,8384,0,2347,232
"113",240902,113,2526,2536,699,1048,2081,226,2081,0,11197,0,2316,220
"114",241000,114,1845,1606,475,580,1519,109,1519,0,7653,0,1468,138
"115",241101,115,657,1129,321,290,781,63,781,0,4022,0,1007,122
"116",241102,116,2187,3094,496,692,2269,194,2269,0,11201,0,2823,271
"117",241103,117,428,1019,317,298,761,35,761,0,3619,0,922,97
"118",241200,118,898,1721,345,513,1188,160,1188,0,6013,0,1578,143
"119",241300,119,1228,2450,337,987,2539,77,2539,6997,0,710,2248,202
"120",241400,120,1231,1601,220,772,1836,57,1836,0,7553,0,1475,126
"121",241500,121,2389,1768,882,1001,1070,157,1070,5796,0,773,1621,147
"122",250100,122,1139,2436,428,453,1412,232,1412,4526,0,550,2238,198
"123",250200,123,1615,2874,650,495,1583,58,1583,0,8858,0,2681,193
"124",250301,124,1604,1047,372,348,934,196,934,0,5435,0,965,82
"125",250302,125,1430,2335,488,668,1983,108,1983,0,8995,0,2154,181
"126",250401,126,1651,3493,690,590,2167,85,2167,0,10843,0,3192,301
"127",250402,127,2317,3313,410,972,3661,181,3661,10305,0,897,3057,256
"128",250500,128,907,1178,276,635,967,34,967,0,4964,0,1092,86
"129",250600,129,2137,1182,521,987,1081,289,1081,5410,0,686,1094,88
"130",250701,130,1240,1328,253,334,1148,80,1148,3868,0,335,1230,98
"131",250702,131,847,822,120,298,1021,107,1021,3134,0,280,752,70
"132",250800,132,1257,1516,162,544,2018,159,2018,5685,0,473,1386,130
"133",250900,133,852,2859,87,941,2449,117,2449,6247,0,648,2655,204
"134",251000,134,611,339,139,508,560,110,560,2251,0,237,308,31
"135",251100,135,986,1220,308,822,1699,85,1699,5152,0,447,1126,94
"136",251200,136,993,1105,283,370,1473,0,1473,4200,0,392,1015,90
"137",251300,137,1186,1493,177,405,2031,115,2031,5434,0,511,1374,119
"138",251401,138,379,683,55,74,667,27,667,1690,0,179,629,54
"139",251402,139,1556,991,393,809,1070,100,1070,4568,0,430,900,91
"140",251501,140,638,1719,58,135,1316,90,1316,3189,0,364,1565,154
"141",251502,141,1143,2107,231,751,2542,88,2542,6706,0,591,1942,165
"142",251503,142,226,635,18,119,574,44,574,1419,0,136,587,48
"143",251600,143,763,1332,153,400,1405,22,1405,3817,0,331,1215,117
"144",251700,144,1380,1424,364,990,1364,264,1364,5059,0,667,1309,115
"145",251800,145,198,460,31,93,541,8,541,0,1872,0,420,40
"146",251901,146,1702,2314,393,523,2051,203,2051,6373,0,550,2108,206
"147",251902,147,827,1160,79,341,1287,162,1287,0,5143,0,1046,114
"148",252000,148,2038,3213,497,876,2768,215,2768,8421,0,741,2928,285
"149",252100,149,463,285,55,201,339,66,339,0,1748,0,263,22
"150",252200,150,1618,1422,254,749,1462,233,1462,5160,0,618,1303,119
"151",252301,151,1357,3156,607,265,1467,156,1467,0,8475,0,2865,291
"152",252302,152,1765,3365,456,698,2211,177,2211,0,10883,0,3077,288
"153",252400,153,1567,1185,303,493,1007,249,1007,0,5811,0,1089,96
"154",252500,154,707,1128,355,230,602,70,602,2301,0,265,1048,80
"155",252600,155,1625,2076,369,741,953,320,953,0,7037,0,1911,165
"156",252700,156,588,807,134,256,962,27,962,0,3736,0,751,56
"157",252800,157,958,1878,418,413,1094,203,1094,0,6058,0,1733,145
"158",252900,158,1756,1342,263,692,1544,241,1544,0,7382,0,1233,109
"159",253000,159,691,916,261,357,494,144,494,0,3357,0,848,68
"160",253100,160,1094,3410,346,327,1904,154,1904,0,9139,0,3103,307
"161",253200,161,2009,2016,558,642,1804,178,1804,0,9011,0,1838,178
"162",253300,162,629,648,185,211,713,53,713,0,3152,0,593,55
"163",253400,163,132,98,7,135,92,0,92,0,556,0,87,11
"164",253500,164,1106,2569,888,838,1176,152,1176,0,7905,0,2349,220
"165",253600,165,1164,943,315,1049,645,139,645,0,4900,0,883,60
"166",253700,166,1597,857,485,599,844,88,844,0,5314,0,778,79
"167",253800,167,1923,1406,490,451,1314,118,1314,0,7016,0,1288,118
"168",253900,168,663,943,313,557,619,119,619,0,3833,0,881,62
"169",254000,169,642,1272,473,371,510,34,510,0,3812,0,1182,90
"170",254100,170,995,1455,393,448,759,52,759,0,4861,0,1334,121
"171",254200,171,471,823,85,155,511,82,511,0,2638,0,769,54
"172",254300,172,1267,1010,342,485,668,143,668,0,4583,0,922,88
"173",254400,173,507,1149,197,114,447,78,447,0,2939,0,1056,93
"174",254500,174,647,466,116,130,361,64,361,0,2145,0,422,44
"175",254600,175,927,832,165,352,682,35,682,0,3675,0,764,68
"176",254700,176,504,289,135,403,423,50,423,0,2227,0,257,32
"177",310100,177,1514,530,579,1225,498,100,498,3876,0,538,481,49
"178",310200,178,472,243,95,460,229,41,229,1461,0,65,229,14
"179",310300,179,537,1152,376,868,593,97,593,2896,0,168,1044,108
"180",310400,180,683,751,293,537,453,103,453,2361,0,161,680,71
"181",310500,181,940,825,215,325,575,145,575,2656,0,119,744,81
"182",310600,182,900,1608,361,504,839,185,839,3338,0,290,1477,131
"183",310700,183,847,531,154,566,477,92,477,2309,0,304,507,24
"184",310800,184,590,493,127,301,261,97,261,1452,0,185,457,36
"185",310900,185,813,1399,386,514,587,158,587,2687,0,358,1291,108
"186",311000,186,1663,1469,338,291,1182,183,1182,4440,0,399,1330,139
"187",311100,187,1434,1050,363,384,826,181,826,3854,0,160,968,82
"188",311200,188,1761,635,220,529,676,261,676,3940,0,183,584,51
"189",311300,189,642,1259,242,328,842,40,842,2618,0,318,1151,108
"190",311400,190,241,393,100,166,254,27,254,997,0,45,356,37
"191",311500,191,1972,1223,329,663,932,237,932,4828,0,237,1123,100
"192",311600,192,968,980,242,355,394,281,394,2491,0,143,911,69
"193",311700,193,1244,1405,494,452,694,147,694,3358,0,367,1272,133
"194",311800,194,884,1645,387,291,544,26,544,2296,0,380,1518,127
"195",311900,195,653,327,133,197,254,67,254,1501,0,57,298,29
"196",312000,196,495,65,67,539,257,11,257,1523,0,103,60,5
"197",312200,197,508,453,249,437,102,38,102,1313,0,123,421,32
"198",312300,198,473,331,177,450,128,36,128,1240,0,152,300,31
"199",312400,199,455,440,246,324,154,116,154,1339,0,110,402,38
"200",312500,200,426,454,158,1142,345,69,345,2351,0,134,428,26
"201",312600,201,631,1148,255,1927,1223,77,1223,5083,0,253,1045,103
"202",312700,202,310,423,258,485,138,25,138,1243,0,111,389,34
"203",312800,203,419,140,219,341,77,30,77,1078,0,85,124,16
"204",312900,204,680,275,223,931,354,67,354,2400,0,209,238,37
"205",313000,205,298,538,260,583,255,62,255,1546,0,167,493,45
"206",313100,206,345,280,27,981,461,71,461,2230,0,116,266,14
"207",313200,207,312,890,207,880,438,119,438,2205,0,189,811,79
"208",313300,208,371,667,195,341,361,81,361,1561,0,149,612,55
"209",313400,209,668,698,196,582,288,55,288,1924,0,153,644,54
"210",313500,210,640,500,297,250,188,88,188,1521,0,130,457,43
"211",313600,211,832,1159,549,554,356,143,356,2579,0,211,1060,99
"212",313700,212,403,564,190,312,310,78,310,1461,0,142,520,44
"213",313800,213,1265,926,546,881,302,112,302,2777,0,631,845,81
"214",313900,214,866,727,287,1632,425,72,425,3485,0,222,680,47
"215",314001,215,167,323,36,1024,585,31,585,2297,0,131,295,28
"216",314002,216,900,926,389,2315,752,180,752,4954,0,334,857,69
"217",314300,217,413,876,494,1272,340,87,340,2651,0,295,802,74
"218",314400,218,388,437,45,1148,613,40,613,2713,0,134,412,25
"219",320100,219,573,593,140,344,282,139,282,1656,0,104,547,46
"220",320200,220,1384,2062,312,345,1016,332,1016,3963,0,442,1900,162
"221",320500,221,1145,1359,203,86,924,79,924,3086,0,275,1257,102
"222",320601,222,479,622,94,332,338,41,338,1456,0,166,572,50
"223",320602,223,1015,1156,196,338,691,128,691,2625,0,434,1067,89
"224",320700,224,855,754,335,496,481,107,481,2514,0,241,703,51
"225",320800,225,1010,1479,328,253,857,119,857,0,4903,0,1367,112
"226",320900,226,1268,2217,332,431,1181,205,1181,4110,0,488,2028,189
"227",321000,227,1848,1728,499,588,1374,64,1374,5223,0,524,1603,125
"228",321100,228,1166,2531,434,758,1355,84,1355,4681,0,471,2295,236
"229",321200,229,821,941,372,201,406,59,406,2022,0,243,862,79
"230",321300,230,998,1911,465,452,710,271,710,3168,0,438,1738,173
"231",321401,231,790,1120,185,91,798,14,798,0,3796,0,1018,102
"232",321402,232,863,1252,166,141,779,77,779,0,4057,0,1146,106
"233",321500,233,333,961,215,270,280,96,280,0,2435,0,888,73
"234",321600,234,1597,1724,209,200,1269,237,1269,0,6505,0,1580,144
"235",321700,235,599,823,71,260,649,26,649,2056,0,198,744,79
"236",321800,236,792,983,120,282,642,62,642,2196,0,344,906,77
"237",321900,237,837,1646,232,290,948,58,948,0,4959,0,1514,132
"238",322000,238,892,1702,383,419,449,218,449,0,4512,0,1568,134
"239",322100,239,762,1272,273,309,474,47,474,0,3611,0,1160,112
"240",322200,240,296,319,63,114,295,20,295,0,1402,0,297,22
"241",322600,241,952,1417,281,425,881,185,881,0,5022,0,1310,107
"242",322700,242,1561,1957,357,429,1320,160,1320,0,7104,0,1808,149
"243",322800,243,1120,1493,234,265,998,147,998,0,5255,0,1351,142
"244",322900,244,768,1088,166,126,731,147,731,0,3757,0,1012,76
"245",323000,245,1185,1974,469,732,774,150,774,0,6058,0,1828,146
"246",323100,246,680,1027,338,224,335,155,335,0,3094,0,954,73
"247",323200,247,1041,1099,319,446,778,16,778,0,4477,0,1016,83
"248",323300,248,704,864,231,383,421,74,421,0,3098,0,798,66
"249",323400,249,1590,2214,614,432,1009,113,1009,0,6981,0,2073,141
"250",323500,250,751,1462,409,612,496,199,496,0,4425,0,1328,134
"251",323600,251,1702,1049,360,1271,1341,120,1341,0,7184,0,959,90
"252",323701,252,496,647,177,808,520,363,520,0,3531,0,596,51
"253",323702,253,652,686,264,488,469,0,469,0,3028,0,639,47
"254",323801,254,638,880,145,187,707,37,707,0,3301,0,809,71
"255",323802,255,585,1405,282,445,716,137,716,0,4286,0,1286,119
"256",323900,256,1101,612,236,565,590,101,590,0,3795,0,555,57
"257",324000,257,749,1330,174,509,1194,38,1194,3580,0,278,1207,123
"258",324100,258,738,1949,341,409,702,114,702,0,4955,0,1789,160
"259",324200,259,481,293,162,136,122,23,122,1001,0,45,266,27
"260",330100,260,1585,2274,800,414,1033,90,1033,4422,0,533,2079,195
"261",330200,261,877,983,304,408,425,57,425,2119,0,377,903,80
"262",330301,262,1923,2287,461,97,1124,106,1124,4267,0,568,2081,206
"263",330302,263,1333,1036,252,211,855,128,855,3469,0,165,969,67
"264",330303,264,953,801,323,531,494,132,494,2618,0,309,726,75
"265",330400,265,1267,707,234,387,745,122,745,3058,0,442,638,69
"266",330500,266,754,1018,225,288,496,124,496,2022,0,361,941,77
"267",330600,267,1482,1228,526,430,1030,73,1030,4312,0,259,1144,84
"268",330700,268,1321,2765,357,354,1297,142,1297,4146,0,622,2538,227
"269",330800,269,1628,2795,809,782,1427,161,1427,5633,0,601,2547,248
"270",330900,270,2024,1353,571,1099,1146,360,1146,5680,0,666,1230,123
"271",331100,271,553,686,457,531,220,68,220,1801,0,248,634,52
"272",331200,272,387,648,439,662,225,35,225,1770,0,203,598,50
"273",331300,273,1583,667,603,454,590,104,590,3723,0,201,614,53
"274",331400,274,217,1111,524,375,72,29,72,846,0,443,1038,73
"275",331500,275,1132,2007,609,701,1158,176,1158,4591,0,343,1833,174
"276",331601,276,2210,523,773,695,769,174,769,5081,0,309,477,46
"277",331602,277,505,591,243,309,131,127,131,1317,0,129,552,39
"278",331700,278,775,850,427,430,361,60,361,2025,0,389,761,89
"279",331800,279,1189,625,392,444,331,101,331,2310,0,478,573,52
"280",331900,280,445,559,245,410,310,136,310,1720,0,136,511,48
"281",332000,281,1285,923,701,655,370,37,370,3167,0,251,850,73
"282",332100,282,445,986,286,105,312,83,312,1268,0,275,900,86
"283",332200,283,1123,926,365,370,570,113,570,2940,0,171,858,68
"284",332300,284,802,566,311,280,309,89,309,1960,0,140,531,35
"285",332400,285,1059,527,513,377,389,40,389,2534,0,233,460,67
"286",332500,286,483,511,190,376,394,73,394,1775,0,135,472,39
"287",332600,287,1047,1942,495,561,971,69,971,3892,0,222,1791,151
"288",332700,288,526,915,97,158,522,17,522,1641,0,201,838,77
"289",332800,289,931,1099,364,358,445,142,445,2460,0,225,1015,84
"290",332900,290,972,1373,222,312,695,98,695,2637,0,357,1258,115
"291",333000,291,837,811,140,147,576,94,576,2188,0,182,746,65
"292",333100,292,711,1287,240,200,519,215,519,2086,0,318,1161,126
"293",333201,293,1100,982,282,602,569,257,569,2970,0,409,917,65
"294",333202,294,1317,1415,738,992,527,157,527,3542,0,716,1305,110
"295",333300,295,2000,2870,789,859,1312,249,1312,5626,0,895,2665,205
"296",333500,296,1619,1268,333,878,737,338,737,4088,0,554,1147,121
"297",333600,297,461,741,73,257,686,0,686,1959,0,204,671,70
"298",333700,298,738,640,158,231,452,72,452,1879,0,224,585,55
"299",333800,299,1578,2954,460,471,1664,163,1664,5298,0,702,2755,199
"300",333901,300,2100,2212,399,272,1572,153,1572,5633,0,435,2034,178
"301",333902,301,1320,1977,614,887,1349,101,1349,5034,0,586,1833,144
"302",334001,302,836,826,315,260,254,177,254,1804,0,292,778,48
"303",334002,303,590,416,118,612,408,7,408,1880,0,263,392,24
"304",334003,304,1659,1133,259,691,1175,204,1175,4963,0,200,1035,98
"305",334100,305,2112,2380,1048,1583,1311,277,1311,6754,0,888,2188,192
"306",340100,306,1296,1094,446,807,828,142,828,3897,0,450,999,95
"307",340201,307,280,301,43,291,362,0,362,1239,0,99,276,25
"308",340202,308,747,1181,52,206,1236,20,1236,3251,0,246,1083,98
"309",340203,309,727,826,157,487,1180,35,1180,0,4592,0,773,53
"310",340301,310,376,898,28,205,1238,12,1238,2889,0,208,823,75
"311",340302,311,978,1492,106,537,1824,41,1824,4889,0,421,1352,140
"312",340400,312,167,235,30,86,418,14,418,1082,0,51,213,22
"313",340500,313,1103,1446,220,1323,860,335,860,4473,0,228,1337,109
"314",340600,314,299,404,62,217,699,25,699,1863,0,138,361,43
"315",340700,315,1900,1368,356,485,1661,166,1661,5688,0,541,1255,113
"316",340800,316,827,1237,268,421,1344,53,1344,3909,0,348,1134,103
"317",340900,317,994,1098,364,790,683,100,683,3234,0,380,1016,82
"318",341000,318,1562,242,346,1828,663,277,663,4825,0,514,221,21
"319",341100,319,797,845,199,899,300,125,300,0,3465,0,771,74
"320",341201,320,669,1097,229,838,446,252,446,0,3977,0,1013,84
"321",341202,321,503,996,326,1144,728,88,728,0,4513,0,924,72
"322",341301,322,206,1251,257,1827,513,90,513,3167,0,239,1160,91
"323",341302,323,749,195,138,943,454,31,454,2514,0,255,174,21
"324",341400,324,752,1107,123,582,1119,92,1119,0,4894,0,1009,98
"325",341501,325,1274,1299,131,963,1392,129,1392,0,6580,0,1172,127
"326",341502,326,698,596,132,822,825,79,825,0,3977,0,546,50
"327",341600,327,858,1071,179,606,1199,19,1199,0,5131,0,999,72
"328",341700,328,360,447,36,398,534,34,534,0,2343,0,421,26
"329",341800,329,387,212,138,243,271,30,271,0,1552,0,194,18
"330",342001,330,1340,1322,198,360,1629,156,1629,0,6634,0,1217,105
"331",342002,331,548,771,151,288,782,12,782,0,3334,0,711,60
"332",342100,332,743,718,256,204,863,64,863,0,3711,0,658,60
"333",342200,333,580,940,265,276,440,64,440,0,3005,0,855,85
"334",342300,334,1286,1680,344,382,1262,162,1262,0,6378,0,1556,124
"335",342400,335,1026,514,311,324,502,69,502,0,3248,0,477,37
"336",342500,336,1161,772,319,727,1153,114,1153,0,5399,0,733,39
"337",342700,337,1032,945,286,361,1108,68,1108,0,4908,0,890,55
"338",342800,338,1535,1909,273,372,1972,219,1972,0,8252,0,1739,170
"339",342900,339,706,1406,323,354,1313,84,1313,0,5499,0,1272,134
"340",343000,340,1842,1417,230,708,1287,292,1287,0,7063,0,1304,113
"341",343100,341,956,810,213,356,947,88,947,0,4317,0,746,64
"342",343200,342,820,1348,104,271,1089,139,1089,0,4860,0,1249,99
"343",343301,343,804,957,107,269,1044,83,1044,0,4308,0,893,64
"344",343302,344,1291,918,451,199,930,87,930,0,4806,0,837,81
"345",343600,345,483,660,204,483,482,109,482,0,2903,0,617,43
"346",343700,346,526,590,236,241,482,39,482,0,2596,0,546,44
"347",350100,347,3512,2721,636,1054,2983,219,2983,10415,0,972,2487,234
"348",350200,348,2174,1757,416,452,1637,228,1637,6033,0,511,1595,162
"349",350300,349,1063,1167,219,285,1393,112,1393,4103,0,362,1078,89
"350",350400,350,996,1533,459,569,805,103,805,3330,0,407,1418,115
"351",350500,351,1038,2484,556,383,1151,179,1151,4049,0,409,2258,226
"352",350601,352,1148,684,93,632,756,88,756,3092,0,381,637,47
"353",350602,353,1476,1859,244,583,1991,66,1991,0,8210,0,1699,160
"354",350700,354,411,412,98,149,593,41,593,0,2297,0,389,23
"355",350801,355,719,1304,341,500,765,99,765,0,4493,0,1198,106
"356",350802,356,1496,1439,484,1055,1235,219,1235,0,7163,0,1339,100
"357",410100,357,562,557,235,1438,381,73,381,2878,0,192,517,40
"358",410200,358,937,272,118,1704,589,122,589,3796,0,263,252,20
"359",410300,359,111,197,18,900,532,12,532,1971,0,134,183,14
"360",410401,360,336,515,123,1374,714,21,714,3051,0,231,473,42
"361",410402,361,737,334,27,946,314,146,314,2351,0,133,315,19
"362",410500,362,149,750,67,1643,751,40,751,3194,0,207,694,56
"363",410600,363,590,121,74,1734,314,97,314,2951,0,172,116,5
"364",410701,364,615,328,96,1786,401,37,401,3162,0,174,297,31
"365",410702,365,298,189,30,1312,165,34,165,1854,0,150,179,10
"366",410800,366,134,559,79,1428,640,0,640,2767,0,154,519,40
"367",410900,367,179,400,60,1153,293,78,293,1927,0,129,360,40
"368",411000,368,280,766,74,2317,702,18,702,3864,0,229,716,50
"369",411100,369,516,685,51,674,863,99,863,2790,0,276,628,57
"370",411200,370,123,402,26,184,536,0,536,1327,0,78,367,35
"371",411300,371,84,366,109,1793,399,91,399,2693,0,182,346,20
"372",411400,372,176,619,38,403,731,9,731,1919,0,169,560,59
"373",411501,373,868,558,207,2464,650,50,650,4631,0,258,528,30
"374",411502,374,287,293,83,1776,550,117,550,3191,0,172,277,16
"375",411600,375,325,332,15,392,612,50,612,1870,0,136,292,40
"376",411700,376,251,295,50,1271,389,24,389,2222,0,152,270,25
"377",411800,377,586,331,135,1708,821,11,821,3714,0,368,301,30
"378",411900,378,308,369,65,983,854,37,854,2950,0,151,346,23
"379",412000,379,248,532,23,419,837,33,837,2215,0,182,490,42
"380",412200,380,691,1037,74,841,1358,0,1358,4024,0,298,949,88
"381",412300,381,751,1636,147,611,1792,39,1792,0,6768,0,1534,102
"382",412400,382,362,1116,83,169,1233,25,1233,0,4221,0,1029,87
"383",412500,383,231,462,43,154,413,12,413,0,1728,0,419,43
"384",412600,384,479,1045,86,275,959,30,959,0,3833,0,977,68
"385",412700,385,430,543,27,565,680,28,680,0,2953,0,504,39
"386",412800,386,709,1691,154,327,1216,54,1216,3434,0,242,1557,134
"387",412900,387,289,1099,274,1312,564,87,564,2879,0,211,997,102
"388",413000,388,394,940,55,693,897,5,897,2710,0,231,872,68
"389",413100,389,312,1006,41,173,897,64,897,2183,0,201,931,75
"390",413201,390,396,239,50,1001,456,45,456,2155,0,249,221,18
"391",413202,391,216,267,88,1208,516,0,516,2398,0,146,250,17
"392",413300,392,1042,859,233,1428,1488,76,1488,5262,0,493,805,54
"393",420100,393,698,342,246,871,274,42,274,2092,0,313,319,23
"394",420200,394,458,534,109,332,457,35,457,1772,0,76,492,42
"395",420300,395,559,362,148,707,637,15,637,2437,0,266,331,31
"396",420400,396,611,302,110,618,749,36,749,2666,0,207,284,18
"397",420500,397,590,909,260,361,462,76,462,1864,0,347,832,77
"398",420600,398,351,341,66,350,499,9,499,1630,0,144,314,27
"399",420700,399,468,702,85,261,836,34,836,2308,0,212,652,50
"400",420800,400,342,536,57,144,698,8,698,1823,0,124,498,38
"401",420900,401,700,1670,51,314,1538,137,1538,0,5948,0,1559,111
"402",421000,402,467,416,58,221,617,45,617,0,2441,0,381,35
"403",421101,403,697,644,197,769,457,67,457,2336,0,308,592,52
"404",421102,404,700,1573,261,344,606,196,606,2465,0,248,1439,134
"405",421201,405,488,859,178,861,473,171,473,2477,0,167,800,59
"406",421202,406,734,907,229,456,406,83,406,2000,0,314,837,70
"407",421300,407,1249,1347,470,747,903,112,903,3948,0,436,1242,105
"408",421401,408,608,1204,275,374,305,213,305,1753,0,327,1121,83
"409",421402,409,419,1431,209,335,493,148,493,1683,0,414,1329,102
"410",421403,410,642,1135,275,432,495,54,495,2141,0,252,1046,89
"411",421500,411,1136,1321,490,1015,626,207,626,3875,0,225,1220,101
"412",421600,412,1088,2113,419,714,721,188,721,3206,0,645,1923,190
"413",421700,413,522,1117,362,525,888,138,888,3185,0,138,1034,83
"414",421800,414,1223,590,198,1271,817,146,817,3983,0,489,549,41
"415",421900,415,181,530,50,289,717,14,717,1823,0,145,486,44
"416",422000,416,602,342,159,279,561,23,561,2039,0,146,319,23
"417",422100,417,754,756,232,615,869,72,869,3263,0,148,692,64
"418",422200,418,838,1279,550,922,445,127,445,2698,0,629,1150,129
"419",422301,419,1296,2263,639,877,884,187,884,4027,0,740,2078,185
"420",422302,420,527,541,254,348,319,66,319,1708,0,125,507,34
"421",422401,421,632,1036,324,692,633,26,633,2568,0,372,957,79
"422",422402,422,1277,1223,418,409,798,227,798,3510,0,417,1126,97
"423",422500,423,1015,1869,418,593,1400,70,1400,4325,0,571,1707,162
"424",422600,424,1182,1350,395,649,959,166,959,4126,0,184,1232,118
"425",422701,425,1097,913,159,599,741,99,741,3039,0,397,846,67
"426",422702,426,658,709,161,303,407,166,407,2021,0,81,642,67
"427",422800,427,1044,507,221,515,458,105,458,2654,0,147,468,39
"428",422900,428,1192,751,366,690,415,159,415,2768,0,469,687,64
"429",423000,429,1008,996,210,794,724,189,724,3292,0,357,926,70
"430",423100,430,786,358,238,464,194,54,194,1664,0,266,322,36
"431",423201,431,610,828,235,258,491,35,491,2019,0,101,755,73
"432",423202,432,1356,2337,835,792,833,236,833,4093,0,792,2156,181
"433",423301,433,843,791,543,619,666,24,666,3049,0,312,737,54
"434",423302,434,938,1021,542,1027,694,41,694,3414,0,522,941,80
"435",423401,435,1204,966,327,526,811,141,811,3350,0,470,878,88
"436",423402,436,616,1225,257,365,667,59,667,2520,0,111,1130,95
"437",423500,437,288,377,52,194,455,17,455,1319,0,142,356,21
"438",423600,438,1646,1331,586,615,793,145,793,4345,0,233,1223,108
"439",430100,439,1319,250,303,1514,1221,78,1221,5219,0,437,236,14
"440",430200,440,268,195,28,276,326,82,326,1227,0,79,183,12
"441",430300,441,402,1287,37,112,1281,44,1281,0,4444,0,1183,104
"442",430400,442,333,686,25,146,937,27,937,0,3091,0,628,58
"443",430500,443,534,467,135,375,443,6,443,0,2403,0,426,41
"444",430600,444,262,949,26,114,1062,16,1062,0,3491,0,872,77
"445",430700,445,315,574,115,730,718,15,718,2413,0,198,528,46
"446",430800,446,381,1237,101,659,1102,21,1102,3114,0,252,1144,93
"447",430900,447,959,993,330,704,1462,67,1462,4643,0,341,904,89
"448",431000,448,789,608,223,731,1489,46,1489,4408,0,359,560,48
"449",431101,449,121,403,76,1607,432,0,432,2471,0,197,377,26
"450",431102,450,871,310,176,1355,461,0,461,2990,0,334,288,22
"451",431201,451,715,369,237,1417,614,40,614,3335,0,302,351,18
"452",431202,452,857,305,286,1375,751,46,751,3684,0,382,286,19
"453",431301,453,169,1504,363,1587,632,124,632,3298,0,209,1397,107
"454",431302,454,420,589,75,887,782,57,782,2765,0,238,531,58
"455",431401,455,275,318,116,951,269,0,269,1747,0,133,282,36
"456",431402,456,154,603,197,1519,437,15,437,2554,0,205,558,45
"457",431501,457,0,602,90,1733,495,56,495,2663,0,206,550,52
"458",431502,458,388,330,57,833,910,15,910,2901,0,212,302,28
"459",431600,459,435,341,35,723,755,86,755,2647,0,142,306,35
"460",431700,460,667,259,8,584,1378,11,1378,3856,0,170,242,17
"461",431801,461,419,242,32,1015,648,0,648,2572,0,190,229,13
"462",431802,462,478,379,226,1411,425,14,425,2823,0,156,350,29
"463",431900,463,81,249,49,1561,578,0,578,2691,0,156,238,11
"464",432001,464,729,231,100,1217,521,44,521,2821,0,311,215,16
"465",432002,465,26,1116,138,1402,695,120,695,2770,0,306,1050,66
"466",432100,466,1346,457,273,964,843,192,843,4099,0,362,400,57
"467",432200,467,753,562,134,1141,747,37,747,3155,0,404,506,56
"468",432300,468,965,1443,453,1711,870,169,870,4751,0,287,1314,129
"469",432400,469,1496,480,490,1613,388,247,388,4085,0,537,439,41
"470",432500,470,1171,1115,389,1220,732,76,732,3862,0,458,1000,115
"471",432600,471,613,263,157,304,305,52,305,1568,0,168,244,19
"472",432701,472,2590,1017,240,674,589,499,589,4972,0,209,945,72
"473",432702,473,585,445,137,664,452,85,452,2129,0,246,414,31
"474",432801,474,1129,1050,463,919,487,124,487,3209,0,400,979,71
"475",432802,475,1181,1261,574,1109,586,116,586,3633,0,519,1150,111
"476",432901,476,840,612,209,250,404,144,404,2158,0,93,548,64
"477",432902,477,1426,1143,422,628,828,170,828,3894,0,408,1050,93
"478",433001,478,993,1480,312,524,738,147,738,3145,0,307,1367,113
"479",433002,479,756,1196,281,406,611,82,611,2389,0,358,1095,101
"480",433003,480,1285,763,298,526,660,142,660,3199,0,372,685,78
"481",433100,481,437,1031,346,320,323,42,323,1518,0,273,952,79
"482",433201,482,1287,834,331,596,590,232,590,3226,0,400,768,66
"483",433202,483,970,1145,339,227,612,94,612,2552,0,302,1047,98
"484",433300,484,821,985,300,425,804,92,804,3078,0,168,918,67
"485",433400,485,1140,638,228,587,641,152,641,3033,0,356,582,56
"486",433501,486,1071,1969,496,608,441,164,441,2764,0,457,1803,166
"487",433502,487,1036,1781,568,750,679,189,679,3485,0,416,1642,139
"488",433600,488,582,1334,424,938,315,105,315,2147,0,532,1236,98
"489",440100,489,1036,1565,221,827,1079,212,1079,4280,0,174,1440,125
"490",450100,490,281,320,122,233,385,0,385,1285,0,121,297,23
"491",450200,491,520,1180,83,303,1214,32,1214,3071,0,295,1079,101
"492",450300,492,1089,1545,363,1035,919,224,919,4296,0,253,1409,136
"493",450400,493,210,1219,321,1032,786,50,786,3011,0,174,1105,114
"494",450500,494,130,412,12,231,944,13,944,2128,0,146,381,31
"495",450600,495,749,684,141,550,862,102,862,2965,0,301,636,48
"496",450700,496,777,2071,141,439,1679,92,1679,4309,0,498,1900,171
"497",450801,497,292,110,22,764,252,0,252,1392,0,190,99,11
"498",450802,498,1023,2050,521,719,1302,195,1302,4525,0,537,1903,147
"499",450900,499,360,442,136,367,618,53,618,1998,0,154,410,32
"500",451001,500,1133,610,512,996,718,48,718,3734,0,391,550,60
"501",451002,501,1152,1168,700,975,502,54,502,3395,0,490,1087,81
"502",451100,502,451,653,187,932,878,41,878,3205,0,162,610,43
"503",451200,503,373,402,127,245,824,18,824,2205,0,206,360,42
"504",451300,504,1064,707,272,1022,1564,48,1564,5147,0,387,644,63
"505",451401,505,639,381,235,840,594,0,594,2661,0,241,357,24
"506",451402,506,155,1332,453,1543,437,138,437,2878,0,285,1231,101
"507",451403,507,1183,472,367,1279,607,101,607,3721,0,423,434,38
"508",451500,508,690,297,245,1516,832,89,832,3864,0,340,268,29
"509",451601,509,701,1042,142,908,1564,40,1564,4506,0,413,962,80
"510",451602,510,1209,1170,261,670,1499,169,1499,4862,0,445,1081,89
"511",451700,511,782,544,227,640,501,101,501,2530,0,222,495,49
"512",451800,512,1201,771,302,508,904,155,904,3712,0,262,712,59
"513",451901,513,1654,1482,742,1062,966,251,966,5007,0,634,1359,123
"514",451902,514,476,555,115,205,487,78,487,1780,0,68,515,40
"515",452000,515,1921,1077,580,1599,991,173,991,5624,0,631,995,82
"516",452100,516,664,1767,362,2124,1545,172,1545,6025,0,387,1641,126
"517",452201,517,303,744,372,1763,372,99,372,3041,0,240,686,58
"518",452202,518,0,446,91,1152,164,52,164,1504,0,119,408,38
"519",452300,519,479,703,142,145,376,49,376,1443,0,124,636,67
"520",452400,520,1867,1764,619,396,1121,217,1121,5027,0,314,1628,136
"521",452500,521,1953,2145,667,472,1147,292,1147,5053,0,625,1960,185
"522",452600,522,1447,2611,622,293,1101,115,1101,4128,0,551,2410,201
"523",452700,523,2834,1969,595,834,1639,265,1639,7089,0,717,1794,175
"524",452801,524,1258,1335,312,474,910,167,910,3864,0,167,1219,116
"525",452802,525,866,1811,624,400,538,145,538,2728,0,383,1672,139
"526",452900,526,847,1203,184,213,760,79,760,2515,0,328,1083,120
"527",453000,527,2379,1594,323,136,1287,319,1287,5516,0,215,1447,147
"528",453100,528,901,1110,402,397,514,112,514,2501,0,339,1009,101
"529",453200,529,1432,1667,540,743,947,289,947,4232,0,666,1537,130
"530",453300,530,463,570,282,604,194,114,194,1506,0,345,510,60
"531",453401,531,489,639,114,315,521,103,521,1982,0,81,571,68
"532",453402,532,1791,2103,430,645,1157,170,1157,4767,0,583,1917,186
"533",453403,533,566,1070,333,505,344,37,344,1751,0,378,975,95
"534",453501,534,1700,1209,353,375,1061,167,1061,4294,0,423,1121,88
"535",453502,535,829,719,240,252,410,118,410,2179,0,80,649,70
"536",453601,536,485,510,113,123,310,37,310,1222,0,156,473,37
"537",453602,537,1703,1484,596,672,1025,75,1025,4888,0,208,1366,118
"538",453700,538,2578,1282,439,593,939,430,939,5706,0,212,1169,113
"539",453800,539,768,720,171,210,649,70,649,2220,0,297,654,66
"540",453900,540,2219,1657,518,539,1473,240,1473,0,8119,0,1518,139
"541",454000,541,1278,823,203,154,786,139,786,0,4169,0,758,65
"542",454100,542,613,1166,187,149,706,84,706,0,3611,0,1074,92
"543",454200,543,790,769,150,171,729,82,729,0,3420,0,707,62
"544",454301,544,2847,1911,934,1576,1625,59,1625,7762,0,904,1733,178
"545",454302,545,1391,1403,304,699,1120,175,1120,4622,0,187,1272,131
"546",454400,546,74,113,48,118,94,10,94,397,0,41,106,7
"547",454501,547,675,2239,118,424,2336,60,2336,5500,0,449,2056,183
"548",454502,548,304,713,51,71,631,21,631,1561,0,148,654,59
"549",454600,549,1165,626,323,929,804,18,804,3704,0,339,574,52
"550",454700,550,927,1408,148,305,1762,166,1762,4589,0,481,1287,121
"551",454800,551,1168,1790,394,781,1469,76,1469,4850,0,507,1663,127
"552",454900,552,1472,3482,339,676,2460,27,2460,0,10916,0,3193,289
"553",455000,553,550,509,58,289,549,61,549,0,2565,0,458,51
"554",455101,554,1384,906,305,917,1198,82,1198,0,5990,0,823,83
"555",455102,555,599,930,226,64,755,0,755,0,3329,0,836,94
"556",455200,556,630,1021,259,324,797,52,797,2683,0,176,943,78
"557",455300,557,745,485,162,701,659,27,659,2711,0,242,445,40
"558",510100,558,550,277,42,424,271,145,271,1617,0,86,256,21
"559",510200,559,666,618,109,2586,573,148,573,4359,0,296,569,49
"560",510300,560,584,1062,210,1299,897,106,897,3827,0,166,972,90
"561",510400,561,703,321,104,1191,707,30,707,3183,0,259,295,26
"562",510500,562,497,412,60,747,561,65,561,2349,0,142,386,26
"563",510600,563,751,504,78,1250,718,53,718,3388,0,180,473,31
"564",510700,564,288,278,50,1405,497,57,497,2674,0,120,264,14
"565",510800,565,725,388,85,2015,1879,0,1879,6101,0,482,352,36
"566",510900,566,935,1529,249,1356,921,270,921,4411,0,241,1415,114
"567",511001,567,210,363,77,710,493,29,493,1916,0,96,331,32
"568",511002,568,802,289,133,1323,701,171,701,3523,0,308,269,20
"569",511100,569,469,570,130,759,392,71,392,2109,0,104,532,38
"570",511200,570,671,992,166,999,877,137,877,3528,0,199,912,80
"571",511301,571,690,341,72,880,854,84,854,3162,0,272,310,31
"572",511302,572,656,301,199,1009,688,25,688,3027,0,238,277,24
"573",511400,573,572,540,126,780,476,85,476,2380,0,135,477,63
"574",511500,574,962,1196,332,1368,991,169,991,4569,0,244,1093,103
"575",511600,575,479,1109,192,735,474,90,474,2297,0,147,1014,95
"576",520100,576,343,516,57,340,436,56,436,1585,0,83,470,46
"577",520200,577,567,765,50,558,799,18,799,2554,0,237,708,57
"578",520300,578,1099,989,334,756,542,78,542,3003,0,348,924,65
"579",520400,579,801,634,171,390,422,87,422,2014,0,279,592,42
"580",520500,580,1117,2388,516,743,1329,121,1329,4431,0,724,2181,207
"581",520601,581,461,636,198,231,250,55,250,1304,0,141,580,56
"582",520602,582,1026,2407,509,473,608,252,608,3030,0,446,2216,191
"583",520700,583,906,627,207,424,538,64,538,2467,0,210,582,45
"584",521000,584,405,450,167,169,243,25,243,1118,0,134,409,41
"585",521100,585,370,690,117,137,269,136,269,1171,0,127,643,47
"586",521200,586,1551,1352,386,735,683,180,683,4045,0,173,1229,123
"587",521300,587,1364,1119,358,511,800,78,800,3748,0,163,1024,95
"588",521400,588,1619,1689,384,540,735,273,735,3798,0,488,1578,111
"589",521500,589,1246,1057,353,375,946,92,946,3794,0,164,960,97
"590",521600,590,665,808,103,220,499,183,499,1909,0,260,749,59
"591",521700,591,1749,1240,471,1416,715,143,715,4607,0,602,1146,94
"592",521800,592,979,1018,202,676,906,51,906,3585,0,135,945,73
"593",521900,593,1314,699,457,785,1223,54,1223,4647,0,409,636,63
"594",522000,594,799,1202,239,931,541,217,541,3076,0,192,1078,124
"595",522100,595,1762,2041,644,843,949,187,949,5030,0,304,1889,152
"596",522201,596,1108,765,321,181,723,46,723,2980,0,122,718,47
"597",522202,597,1013,959,217,234,393,352,393,2332,0,270,891,68
"598",522301,598,1083,923,309,518,472,176,472,2881,0,149,848,75
"599",522302,599,880,883,244,385,540,124,540,2587,0,126,818,65
"600",522401,600,973,1245,151,590,883,193,883,3532,0,141,1147,98
"601",522402,601,710,870,126,243,641,102,641,2188,0,275,787,83
"602",522500,602,496,1048,85,369,1122,57,1122,0,4299,0,967,81
"603",530100,603,1433,1247,564,866,699,218,699,3961,0,518,1164,83
"604",530200,604,406,747,119,683,778,21,778,2622,0,163,696,51
"605",530300,605,556,544,273,315,210,62,210,1515,0,111,503,41
"606",530400,606,547,609,200,272,300,69,300,1425,0,263,556,53
"607",530500,607,1135,557,421,351,482,100,482,2800,0,171,508,49
"608",530600,608,517,550,256,462,269,77,269,1721,0,129,515,35
"609",530700,609,842,1734,678,385,553,121,553,2638,0,494,1572,162
"610",530800,610,639,752,322,547,632,35,632,2595,0,212,677,75
"611",530900,611,858,754,112,524,815,172,815,2987,0,309,686,68
"612",531000,612,733,463,96,547,796,153,796,2880,0,241,420,43
"613",531100,613,473,288,92,521,562,34,562,2073,0,171,256,32
"614",531200,614,539,394,51,555,587,50,587,2109,0,260,373,21
"615",531300,615,1307,809,304,1136,592,125,592,3594,0,462,735,74
"616",531400,616,248,371,86,462,378,17,378,1479,0,90,345,26
"617",531500,617,339,518,83,458,655,42,655,2134,0,98,476,42
"618",531600,618,541,424,75,400,630,44,630,2121,0,199,385,39
"619",531700,619,478,469,112,429,674,55,674,2244,0,178,438,31
"620",531800,620,233,552,146,264,258,33,258,1102,0,90,508,44
"621",531900,621,984,907,496,596,435,71,435,2811,0,206,832,75
"622",532001,622,1365,978,556,1112,602,87,602,3611,0,713,906,72
"623",532002,623,151,151,19,119,262,4,262,751,0,66,137,14
"624",532100,624,1750,1077,400,939,983,125,983,4493,0,687,980,97
"625",532200,625,453,888,299,303,424,28,424,1587,0,344,811,77
"626",532300,626,1172,1209,551,967,772,155,772,3969,0,420,1112,97
"627",532400,627,1439,1107,458,550,914,78,914,3963,0,390,1034,73
"628",532501,628,1945,2153,357,253,1517,310,1517,5469,0,430,1967,186
"629",532502,629,1094,1523,126,299,1002,125,1002,3266,0,382,1393,130
"630",532600,630,929,1586,463,690,773,275,773,3482,0,421,1451,135
"631",532700,631,1066,953,388,673,799,81,799,3584,0,222,884,69
"632",532800,632,382,314,127,216,199,31,199,1099,0,55,289,25
"633",532900,633,1344,978,324,210,683,137,683,3275,0,106,905,73
"634",533000,634,538,935,233,266,146,196,146,1189,0,336,855,80
"635",533100,635,870,1652,757,580,746,116,746,3257,0,558,1517,135
"636",533200,636,716,571,185,448,477,18,477,1959,0,362,533,38
"637",533300,637,1271,1705,704,814,601,86,601,3376,0,701,1559,146
"638",533400,638,1920,2426,736,547,1305,214,1305,5292,0,735,2248,178
"639",533500,639,1122,841,204,147,855,119,855,3157,0,145,769,72
"640",533600,640,1135,1211,376,499,715,133,715,0,4784,0,1130,81
"641",533701,641,1023,2020,503,384,561,180,561,2755,0,457,1871,149
"642",533702,642,677,985,202,154,431,95,431,0,2975,0,901,84
"643",533801,643,1587,2886,431,506,1248,228,1248,0,8134,0,2644,242
"644",533802,644,1194,1993,471,160,776,183,776,0,5553,0,1821,172
"645",533901,645,1915,2965,858,154,1359,163,1359,0,8773,0,2733,232
"646",533902,646,1205,1189,629,408,366,146,366,0,4309,0,1072,117
"647",534001,647,687,687,195,251,362,84,362,1689,0,252,627,60
"648",534002,648,1559,1329,358,231,673,161,673,3494,0,161,1215,114
"649",534003,649,345,726,137,200,365,42,365,1281,0,173,670,56
"650",534100,650,1945,1508,209,360,1461,146,1461,0,7090,0,1386,122
"651",534201,651,517,395,152,212,229,135,229,0,1869,0,360,35
"652",534202,652,1504,1371,334,1546,1737,112,1737,0,8341,0,1244,127
"653",534203,653,350,481,159,152,239,4,239,0,1624,0,438,43
"654",540100,654,1568,3425,345,720,2759,72,2759,7523,0,700,3144,281
"655",540200,655,901,567,152,342,295,224,295,2114,0,95,525,42
"656",540501,656,1177,1250,513,785,828,161,828,3841,0,451,1167,83
"657",540502,657,607,778,209,359,1192,44,1192,0,4381,0,710,68
"658",540601,658,739,931,143,248,949,29,949,0,3988,0,851,80
"659",540602,659,1445,1705,584,437,960,126,960,4047,0,465,1583,122
"660",540700,660,1469,1713,203,316,1660,105,1660,0,7126,0,1556,157
"661",540800,661,1152,2241,285,347,1549,188,1549,0,7311,0,2058,183
"662",540901,662,486,491,97,216,607,16,607,0,2520,0,452,39
"663",540902,663,1626,1033,257,1367,1382,59,1382,0,7106,0,947,86
"664",541001,664,1380,2360,572,1426,1857,167,1857,6525,0,734,2176,184
"665",541002,665,1640,2055,186,343,1758,214,1758,0,7954,0,1891,164
"666",541003,666,2155,3946,453,760,3016,113,3016,0,13459,0,3632,314
"667",541100,667,1004,1595,197,288,1764,37,1764,0,6649,0,1450,145
"668",541201,668,1026,1797,217,532,2077,73,2077,0,7799,0,1641,156
"669",541202,669,1948,1754,319,305,2121,115,2121,0,8683,0,1630,124
"670",541203,670,252,521,70,188,747,8,747,0,2533,0,487,34
"671",541300,671,2667,3109,757,576,1766,406,1766,7099,0,839,2861,248
"672",541400,672,2724,4122,752,587,2924,310,2924,9408,0,813,3788,334
"673",541500,673,972,1294,118,324,991,111,991,0,4801,0,1188,106
"674",541601,674,726,788,139,327,1237,41,1237,0,4495,0,716,72
"675",541602,675,1909,1998,499,625,1773,128,1773,0,8705,0,1832,166
"676",541700,676,2029,2482,467,1616,1816,231,1816,7280,0,695,2289,193
"677",541800,677,925,1094,297,722,1135,12,1135,3827,0,399,998,96
"678",541900,678,1424,1416,144,265,1418,265,1418,0,6350,0,1316,100
"679",542000,679,2858,3335,759,670,2908,144,2908,0,13582,0,3094,241
"680",542101,680,2602,5180,680,766,3131,212,3131,0,15702,0,4745,435
"681",542102,681,2609,3693,1222,557,2182,157,2182,0,12602,0,3417,276
"682",542200,682,3155,4737,903,724,2704,523,2704,0,15450,0,4303,434
"683",542301,683,2606,3602,727,387,2321,260,2321,0,12224,0,3331,271
"684",542302,684,1539,2076,398,498,1224,78,1224,0,7037,0,1900,176
"685",542400,685,2129,2180,465,819,1645,119,1645,6088,0,734,2011,169
"686",542500,686,138,596,30,324,687,0,687,0,2462,0,562,34
"687",542600,687,818,1117,166,249,908,75,908,0,4241,0,1040,77
"688",542700,688,908,726,182,455,888,38,888,0,4085,0,664,62
"689",542800,689,1520,1374,216,446,1450,221,1450,0,6677,0,1259,115
"690",542900,690,2727,2936,447,766,2536,246,2536,0,12194,0,2693,243
"691",543001,691,883,2951,120,303,2182,107,2182,0,8728,0,2688,263
"692",543002,692,1245,4282,286,576,3071,85,3071,7487,0,847,3949,333
"693",543003,693,3708,5076,538,868,3305,439,3305,0,17239,0,4640,436
"694",543100,694,253,759,36,57,552,44,552,0,2253,0,694,65
"695",543200,695,834,1363,530,643,1018,92,1018,3945,0,190,1244,119
"696",550100,696,671,1654,595,535,411,137,411,2276,0,484,1508,146
"697",550200,697,878,1045,347,581,372,163,372,2299,0,414,962,83
"698",550301,698,922,2251,892,1167,665,318,665,3779,0,850,2085,166
"699",550302,699,1735,2072,685,1360,1341,257,1341,6032,0,687,1915,157
"700",550401,700,1962,2875,711,1635,1507,152,1507,6438,0,1036,2648,227
"701",550402,701,2012,2722,804,861,1400,327,1400,6064,0,740,2483,239
"702",550500,702,1338,1213,361,399,750,179,750,3281,0,496,1114,99
"703",550601,703,1771,1767,467,174,988,184,988,0,6339,0,1628,139
"704",550602,704,388,1031,257,141,375,20,375,0,2587,0,941,90
"705",550603,705,1116,1323,439,223,755,195,755,0,4806,0,1205,118
"706",550700,706,649,780,175,163,467,43,467,0,2744,0,707,73
"707",550800,707,798,1251,344,139,505,49,505,0,3591,0,1125,126
"708",550900,708,1687,2077,455,522,1449,135,1449,0,7774,0,1892,185
"709",551000,709,635,1028,238,125,436,24,436,1636,0,258,941,87
"710",551100,710,2033,2413,759,764,1639,177,1639,0,9424,0,2193,220
"711",551200,711,1036,1445,489,533,1252,54,1252,0,6061,0,1314,131
"712",551300,712,680,772,166,110,855,19,855,0,3457,0,709,63
"713",551400,713,975,776,262,663,869,168,869,3649,0,157,718,58
"714",551500,714,1124,2341,632,742,1290,162,1290,4746,0,494,2153,188
"715",551600,715,1787,1706,272,694,1513,147,1513,0,7632,0,1543,163
"716",551701,716,1730,1311,551,985,1543,182,1543,0,7845,0,1191,120
"717",551702,717,586,1019,57,176,972,40,972,0,3822,0,950,69
"718",551703,718,1148,1379,209,846,1617,104,1617,0,6920,0,1270,109
"719",551800,719,790,528,84,459,1228,45,1228,0,4362,0,486,42
"720",551900,720,1388,870,452,1643,733,97,733,0,5916,0,789,81
"721",552001,721,1279,1673,411,1205,1869,196,1869,0,8502,0,1540,133
"722",552002,722,318,463,70,184,347,83,347,1227,0,122,418,45
"723",552101,723,649,692,101,523,602,209,602,2377,0,309,624,68
"724",552102,724,1188,1126,196,419,1399,93,1399,0,5820,0,1040,86
"725",552103,725,649,668,119,125,607,59,607,0,2834,0,608,60
"726",552200,726,1191,1341,448,831,924,19,924,0,5678,0,1239,102
"727",552301,727,441,765,103,430,952,35,952,0,3678,0,716,49
"728",552302,728,770,899,274,637,1015,81,1015,0,4691,0,824,75
"729",552400,729,1270,1566,531,876,1245,55,1245,4556,0,666,1444,122
"730",552500,730,2844,1711,625,789,1760,274,1760,0,9763,0,1568,143
"731",552601,731,498,1508,485,649,731,11,731,2752,0,353,1392,116
"732",552602,732,1036,1025,154,1201,1327,11,1327,0,6081,0,937,88
"733",552700,733,1938,667,393,1977,1251,118,1251,6335,0,593,614,53
"734",552800,734,1259,1185,310,1678,2142,9,2142,6893,0,647,1093,92
"735",552900,735,598,1115,364,1392,1358,132,1358,4936,0,266,1018,97
"736",553001,736,813,1187,333,423,1045,166,1045,3638,0,187,1098,89
"737",553002,737,754,833,92,279,1025,179,1025,3212,0,142,755,78
"738",553100,738,1321,880,260,651,1192,108,1192,0,5604,0,800,80
"739",553200,739,1106,1275,697,935,731,144,731,3941,0,403,1179,96
"740",553300,740,1074,938,569,1081,517,104,517,3394,0,468,862,76
"741",553401,741,651,701,73,306,963,60,963,0,3717,0,640,61
"742",553402,742,1013,1075,200,360,1815,144,1815,0,6422,0,986,89
"743",553403,743,852,1535,251,240,1624,17,1624,0,6143,0,1398,137
"744",553500,744,1023,976,201,600,1439,31,1439,0,5709,0,898,78
"745",553600,745,1217,1353,170,687,1520,76,1520,0,6543,0,1234,119
"746",553700,746,678,776,215,216,958,44,958,0,3845,0,722,54
"747",553801,747,432,556,7,129,666,0,666,0,2456,0,517,39
"748",553802,748,1518,1064,401,754,1446,206,1446,0,6835,0,993,71
"749",553900,749,1159,1842,150,415,1760,202,1760,0,7288,0,1694,148
"750",554001,750,486,579,157,486,764,40,764,0,3276,0,526,53
"751",554002,751,571,893,59,132,1172,60,1172,0,4059,0,824,69
"752",554101,752,161,382,12,51,317,33,317,0,1273,0,337,45
"753",554102,753,2050,2191,290,586,2296,131,2296,0,9840,0,1979,212
"754",554200,754,1813,1335,271,963,1281,264,1281,0,7208,0,1225,110
"755",554301,755,968,1146,160,457,1792,133,1792,0,6448,0,1051,95
"756",554302,756,902,902,252,332,893,88,893,0,4262,0,828,74
"757",554401,757,1685,4305,409,586,3610,93,3610,0,14298,0,3989,316
"758",554402,758,1355,3441,330,572,3010,113,3010,0,11831,0,3172,269
"759",554403,759,1461,2663,358,502,1988,19,1988,0,8979,0,2442,221
"760",554501,760,744,1628,173,164,1520,39,1520,0,5788,0,1496,132
"761",554502,761,721,1699,125,163,1669,79,1669,0,6125,0,1570,129
"762",554600,762,618,987,79,234,1260,27,1260,0,4465,0,911,76
"763",554700,763,1222,1641,203,596,1765,162,1765,0,7354,0,1516,125
"764",554801,764,3086,3955,494,977,2884,313,2884,0,14593,0,3673,282
"765",554802,765,1215,4789,181,1121,3485,244,3485,0,14520,0,4368,421
"766",554901,766,1879,2205,187,303,1811,137,1811,0,8333,0,2018,187
"767",554902,767,714,1881,154,403,1795,8,1795,0,6750,0,1712,169
"768",554903,768,1361,2914,180,528,2688,135,2688,0,10494,0,2697,217
"769",555000,769,1690,1319,316,498,1453,93,1453,0,6822,0,1190,129
"770",555100,770,1439,1818,394,968,1526,136,1526,0,7807,0,1662,156
"771",555200,771,1544,1187,350,708,1310,97,1310,0,6506,0,1089,98
"772",555301,772,58,163,0,35,231,0,231,0,718,0,150,13
"773",555302,773,1281,4570,359,533,3372,26,3372,0,13513,0,4187,383
"774",555303,774,786,1380,282,304,960,143,960,0,4815,0,1276,104
"775",555401,775,439,636,113,207,597,11,597,0,2600,0,593,43
"776",555402,776,1724,966,454,1454,1158,48,1158,0,6962,0,877,89
"777",555501,777,941,871,167,312,747,151,747,0,3936,0,812,59
"778",555502,778,2615,5118,438,1189,4175,350,4175,0,18060,0,4690,428
"779",555600,779,392,1203,95,187,1394,25,1394,0,4690,0,1099,104
"780",555701,780,739,2436,122,141,1733,251,1733,0,7155,0,2258,178
"781",555702,781,810,3391,130,418,2631,42,2631,0,10053,0,3137,254
"782",556000,782,944,2238,390,363,1300,103,1300,0,6638,0,2053,185
"783",980000,783,0,0,0,8,0,0,0,0,8,0,0,0
"784",980100,784,96,143,114,68,80,13,80,391,0,60,135,8
